dining table,darknet,2017-05-30 14:52:45.819419,/var/www/html/img/218.jpg,480,848,10
restaurant,darknet,2017-05-30 14:52:45.819419,/var/www/html/img/218.jpg,480,848, 8
desk,darknet,2017-05-30 14:52:45.819419,/var/www/html/img/218.jpg,480,848, 7
marimba,darknet,2017-05-30 14:52:45.819419,/var/www/html/img/218.jpg,480,848, 5
quill,darknet,2017-05-30 14:52:45.819419,/var/www/html/img/218.jpg,480,848, 5
Persian cat,darknet,2017-05-30 14:59:22.821290,/var/www/html/img/220.jpg,1600,2400,14
Siamese cat,darknet,2017-05-30 14:59:22.821290,/var/www/html/img/220.jpg,1600,2400,14
computer keyboard,darknet,2017-05-30 14:59:22.821290,/var/www/html/img/220.jpg,1600,2400, 9
remote control,darknet,2017-05-30 14:59:22.821290,/var/www/html/img/220.jpg,1600,2400, 5
mouse,darknet,2017-05-30 14:59:22.821290,/var/www/html/img/220.jpg,1600,2400, 5
Persian cat,darknet,2017-05-30 15:40:21.854644,/var/www/html/img/229.jpg,1600,2400,14
Siamese cat,darknet,2017-05-30 15:40:21.854644,/var/www/html/img/229.jpg,1600,2400,14
computer keyboard,darknet,2017-05-30 15:40:21.854644,/var/www/html/img/229.jpg,1600,2400, 9
remote control,darknet,2017-05-30 15:40:21.854644,/var/www/html/img/229.jpg,1600,2400, 5
mouse,darknet,2017-05-30 15:40:21.854644,/var/www/html/img/229.jpg,1600,2400, 5
Persian cat,darknet,2017-05-30 15:43:11.191242,/var/www/html/img/230.jpg,1600,2400,14
Siamese cat,darknet,2017-05-30 15:43:11.191242,/var/www/html/img/230.jpg,1600,2400,14
computer keyboard,darknet,2017-05-30 15:43:11.191242,/var/www/html/img/230.jpg,1600,2400, 9
remote control,darknet,2017-05-30 15:43:11.191242,/var/www/html/img/230.jpg,1600,2400, 5
mouse,darknet,2017-05-30 15:43:11.191242,/var/www/html/img/230.jpg,1600,2400, 5
dining table,darknet,2017-05-30 15:44:15.638503,/var/www/html/img/232.jpg,480,848,10
restaurant,darknet,2017-05-30 15:44:15.638503,/var/www/html/img/232.jpg,480,848, 8
desk,darknet,2017-05-30 15:44:15.638503,/var/www/html/img/232.jpg,480,848, 7
marimba,darknet,2017-05-30 15:44:15.638503,/var/www/html/img/232.jpg,480,848, 5
quill,darknet,2017-05-30 15:44:15.638503,/var/www/html/img/232.jpg,480,848, 5
Persian cat,darknet,2017-05-30 15:45:42.653635,/var/www/html/img/233.jpg,1702,2602,44
computer keyboard,darknet,2017-05-30 15:45:42.653635,/var/www/html/img/233.jpg,1702,2602, 8
Siamese cat,darknet,2017-05-30 15:45:42.653635,/var/www/html/img/233.jpg,1702,2602, 6
mouse,darknet,2017-05-30 15:45:42.653635,/var/www/html/img/233.jpg,1702,2602, 3
Angora,darknet,2017-05-30 15:45:42.653635,/var/www/html/img/233.jpg,1702,2602, 2
